OID_,Shape_Length,노선명,버스정류장 수,평균구간길이(Km)
1,0.098072299679082,0017,40,0.24518074919770502
2,1.201724600450786,01A,78,1.5406725646804948
3,0.635477099446366,01B,60,1.0591284990772767
4,0.130836051965386,03,30,0.4361201732179533
5,0.116187337677984,04,25,0.464749350711936
6,0.384559150893604,0411,95,0.4047991062037936
7,0.086502774144365,05,19,0.45527775865455256
8,0.499921114238092,100,122,0.40977140511319016
9,0.362122334514818,101,82,0.44161260306685124
10,0.107015892095498,1014,37,0.28923214079864323
11,0.197668006303785,1017,70,0.2823828661482643
12,0.287361359978894,102,67,0.4288975522073045
13,0.216027950528994,1020,54,0.4000517602388778
14,0.283503704194829,103,70,0.4050052917068986
15,0.273481265351059,104,65,0.4207404082323984
16,0.381131263122722,105,86,0.4431758873520023
17,0.414404762539347,106,90,0.46044973615483
18,0.566843304218238,107,122,0.4646256591952771
19,0.258759127098855,109,64,0.40431113609196095
20,0.357104278035097,110A고려대,88,0.4058003159489738
21,0.3592330971984,110B국민대,91,0.3947616452729671
22,0.522918091458295,111,116,0.4507914581537026
23,0.248221315923298,1111,77,0.3223653453549325
24,0.208023454744972,1112,62,0.3355217012015677
25,0.103704794891798,1113,34,0.3050141026229353
26,0.070720222248271,1114,25,0.282880888993084
27,0.085196790897912,1115,30,0.28398930299304004
28,0.101076999285231,1116,30,0.33692333095077004
29,0.186129247013287,1119,65,0.28635268771274924
30,0.283248870382344,1120,85,0.33323396515569875
31,0.164295623923266,1122,63,0.2607867046401047
32,0.091727408440349,1124,37,0.24791191470364596
33,0.142348259780624,1125A,48,0.29655887454296664
34,0.144102894199463,1125B,46,0.31326716130318044
35,0.170458394598559,1126,66,0.25827029484630154
36,0.173307986726701,1127,60,0.28884664454450165
37,0.26132578634711,1128,81,0.3226244275890247
38,0.075421073867668,1129,22,0.34282306303485455
39,0.065354592602438,1130,27,0.2420540466756963
40,0.138472582326358,1131,57,0.2429343549585228
41,0.179072599815916,1132,65,0.2754963074091015
42,0.110997815046799,1133,48,0.23124544801416458
43,0.155555626725632,1135,59,0.26365360461971526
44,0.088828395474973,1136,39,0.22776511660249485
45,0.223645565201139,1137,78,0.28672508359120386
46,0.165316459708283,1138,51,0.3241499209966333
47,0.215124244749288,1139,72,0.2987836732629
48,0.140852402517268,1140,49,0.287453882688302
49,0.140059627219815,1141,54,0.2593696800366944
50,0.090955088855897,1142,30,0.30318362951965666
51,0.207034859520262,1143,70,0.2957640850289457
52,0.191224740510242,1144,61,0.31348318116433116
53,0.251473260948069,1152,50,0.502946521896138
54,0.236382698598112,1154,57,0.41470648876861754
55,0.305051877651256,1155,76,0.40138404954112633
56,0.159913588514882,1157,66,0.24229331593163939
57,0.24185439647467,1161,81,0.29858567466008645
58,0.075780722939971,1162,38,0.19942295510518684
59,0.076411277680228,1164,29,0.2634871644145793
60,0.188200599626527,1165,66,0.2851524236765561
61,0.151033299433126,1166,48,0.31465270715234583
62,0.175981820609107,1167,51,0.34506239335119016
63,0.304644044577883,120,89,0.34229667930099217
64,0.291251280286152,121,86,0.3386642794025023
65,0.269036732413441,1213,68,0.395642253549178
66,0.301154068750042,1218,88,0.3422205326705023
67,0.140468889824169,1221,45,0.3121530884981533
68,0.170321129552155,1222,56,0.3041448742002768
69,0.287584659525437,1224,88,0.32680074946072385
70,0.069527494181243,1226,23,0.3022934529619261
71,0.239435556839473,1227,67,0.3573665027454821
72,0.009858763525942,12345,3,0.3286254508647333
73,0.0446606852635,1234테스트,8,0.55825856579375
74,0.477179089797621,130,87,0.5484817124110587
75,0.531653754523591,140,87,0.611096269567346
76,0.497055683898634,141,105,0.4733863656177467
77,0.543981860480113,142,106,0.513190434415201
78,0.544699155164101,143,113,0.48203465058769995
79,0.437742608018768,144,99,0.44216425052400804
80,0.423170612099942,145,101,0.4189808040593485
81,0.531212336938774,146,135,0.3934906199546474
82,0.489990824861467,147,114,0.4298165130363745
83,0.412991192002903,148,84,0.4916561809558369
84,0.677681010537182,150,123,0.5509601711684406
85,0.42253584038255,151,95,0.44477456882373684
86,0.587419226586175,152,131,0.44841162334822515
87,0.691953589524457,160,119,0.5814736046424008
88,0.348030015819056,162,77,0.45198703353124153
89,10.862049923048051,163,255,4.259627420803158
90,0.414115422020776,171,84,0.4929945500247333
91,0.272320306781917,1711,64,0.4255004793467453
92,0.461332374391722,172,104,0.44358882153050194
93,0.407402130144918,173,112,0.36375190191510537
94,0.003752394350009,1991,5,0.07504788700018
95,0.49310545874123,201,116,0.4250909127079569
96,0.354342743271801,2012,113,0.3135776489130982
97,0.20837363943972,2013,62,0.3360865152253549
98,0.201825562215773,2014,67,0.3012321824116015
99,0.27886202837662,2015,82,0.3400756443617317
100,0.492506543369329,2016,137,0.35949382727688245
101,0.511470498040044,202,131,0.39043549468705646
102,0.360573302181085,2112,110,0.32779391107371364
103,0.164877245407917,2113,67,0.2460854409073388
104,0.207050444261967,2114,79,0.26208916995185694
105,0.328962571022279,2115,108,0.3045949731687769
106,0.156643591991002,2211,51,0.30714429802157256
107,0.310221250908176,2212,88,0.3525241487592909
108,0.23285927598808,2221,57,0.4085250455931228
109,0.210766219720624,2222,62,0.33994551567842585
110,0.171387294290168,2224,55,0.31161326234576
111,0.358352733260064,2227,108,0.3318080863519111
112,0.265969685100004,2230,92,0.2890974838043522
113,0.392736956166918,2233,120,0.327280796805765
114,0.111439724297753,2234,40,0.2785993107443825
115,0.151166343224538,2235,49,0.3085027412745674
116,0.246315795017356,2236,86,0.28641371513646047
117,0.424354147626479,2311,117,0.3626958526722043
118,0.440787136889425,2312,105,0.41979727322802385
119,0.411961878184457,2312A,85,0.48466103315818476
120,0.377162166236052,240,120,0.31430180519670997
121,0.490038986217337,241,124,0.395192730820433
122,0.319603220578664,2412,76,0.42053055339297896
123,0.234117305994021,2413,69,0.33930044346959565
124,0.242046333567866,2415,52,0.46547371839974233
125,0.318654286877765,2416,88,0.36210714417927836
126,0.397289605277672,242,108,0.36786074562747406
127,0.495440620917757,260,97,0.5107635267193371
128,0.488484087045049,261,119,0.41049082944962095
129,0.529333870782061,262,136,0.3892160814573978
130,0.520038552275615,270,98,0.5306515839547092
131,0.535258120502408,271,123,0.4351692036604943
132,0.435915106752277,271B,90,0.4843501186136411
133,0.450400080565191,272,94,0.4791490218778628
134,0.431598671232923,273,112,0.385355956457967
135,0.444125462202798,301,100,0.44412546220279797
136,0.383056350670477,3011,88,0.4352913075800875
137,0.550148588560912,302,126,0.4366258639372318
138,0.522226691957569,303,106,0.4926666905260084
139,0.356589614385321,320,88,0.4052154708924102
140,0.243666905612583,3212,67,0.363681948675497
141,0.24408408476157,3214,56,0.43586443707423217
142,0.357037785378607,3216,91,0.3923492147017659
143,0.38399622060833,3217,83,0.4626460489256988
144,0.356802610656898,3220,91,0.3920907809416461
145,0.175381493434189,3313,42,0.4175749843671166
146,0.265653766357292,3314,69,0.38500545848882894
147,0.254828386622682,3315,74,0.34436268462524594
148,0.153095556530958,3316,41,0.3734037964169707
149,0.164380932143148,3317,39,0.4214895695978154
150,0.412434564431728,3318,112,0.36824514681404286
151,0.212262733781564,3319,56,0.3790405960385071
152,0.218025059685706,3321,74,0.29462845903473783
153,0.225804433642859,3322,61,0.37017120269321147
154,0.16061878926139,3323,46,0.34917128100302175
155,0.442328258398379,333,103,0.42944491106638744
156,0.40834529476556,340,106,0.38523141015618867
157,0.455102188086112,341,93,0.48935719149044304
158,0.332049007593504,3411,84,0.3952964376113142
159,0.469309027638801,3412,116,0.4045767479644836
160,0.410268512818654,3413,101,0.406206448335301
161,0.341976172727387,3414,88,0.3886092871902125
162,0.206266681116115,3416,64,0.3222916892439297
163,0.225896132328705,3417,60,0.376493553881175
164,0.450003770608284,342,110,0.4090943369166218
165,0.443813180072739,3420,89,0.49866649446375166
166,0.334483111476248,3422,89,0.3758237207598292
167,0.322265714428278,3426,87,0.3704203614118138
168,0.361613562267966,343,69,0.524077626475313
169,0.450433231599624,345,86,0.5237595716274698
170,0.472575854460587,350,97,0.4871916025366876
171,0.423030905858158,351,103,0.4107096173380175
172,0.483777407692655,352,82,0.5899724484056768
173,0.537924428974064,360,91,0.5911257461253451
174,0.519230411472024,361,95,0.5465583278652885
175,0.521627592101434,370,94,0.5549229703206744
176,0.448105480998701,400,104,0.4308706548064433
177,0.510528085484575,401,99,0.515684934832904
178,0.490157336105434,402,110,0.44559757827766727
179,0.380957320652947,405,84,0.4535206198249369
180,0.387509744000542,406,68,0.5698672705890324
181,0.469368610245318,407,87,0.539504149707262
182,0.421306937305769,420,86,0.48989178756484764
183,0.542793868477812,421,113,0.48034855617505484
184,0.297011019751336,4211,74,0.4013662429072108
185,0.34483487213524,4212,72,0.47893732241005554
186,0.539562197506359,422,116,0.4651398254365164
187,0.386230590522928,4312,85,0.4543889300269741
188,0.478313846440361,4318,107,0.4470222863928608
189,0.47598398572572,4318B,107,0.44484484647263556
190,0.334395293265416,4319,76,0.43999380692817897
191,0.466325108151783,440,95,0.49086853489661364
192,0.561060723989267,441,125,0.44884857919141363
193,0.436160264981753,4425,109,0.40014703209335134
194,0.229745568697232,4432,56,0.4102599441022
195,0.097612140861884,4433,34,0.28709453194671763
196,0.234757557424226,4435,46,0.5103425161396218
197,0.653706186757273,452,125,0.5229649494058184
198,0.607650610104544,461,139,0.4371587123054274
199,0.764315223060398,462,141,0.5420675340853887
200,0.466860180945405,463,95,0.4914317694162158
201,0.549113126456152,470,88,0.6239921891547181
202,0.622084055021083,471,94,0.6617915478947691
203,0.368077137667128,472,71,0.5184185037565183
204,0.401676736289213,500,84,0.47818659082049175
205,0.273025579728056,501,58,0.4707337581518207
206,0.445268368297418,5012,102,0.4365376159778608
207,0.633127721738161,502,133,0.4760358810061361
208,0.400759580000948,503,89,0.45029166292241357
209,0.42103422682329,504,96,0.4385773196075938
210,0.541743500236145,505,101,0.536379703204104
211,0.408594946034694,506,100,0.40859494603469393
212,0.438446999170628,507,105,0.41756857063869335
213,0.462390569180806,540,94,0.49190486083064466
214,0.533180167483552,541,123,0.4334798109622374
215,0.352891275387976,5413,86,0.4103386923116
216,0.577223061412823,542,138,0.4182775807339297
217,0.015203792099169,54321,3,0.5067930699723
218,0.227218039444276,5511,77,0.2950883629146442
219,0.128313636106872,5513,44,0.2916219002428909
220,0.092514645177519,5515,32,0.2891082661797469
221,0.269504232538749,5516,75,0.35933897671833204
222,0.328983041059924,5517,92,0.3575902620216565
223,0.079858003087455,5519,30,0.26619334362485
224,0.168429179723319,5522A난곡,59,0.2854731859717271
225,0.17109097455129,5522B호암,54,0.31683513805794444
226,0.116025060775451,5523,36,0.32229183548736384
227,0.336162038643468,5524,94,0.35761919004624254
228,0.135035738696074,5525,44,0.3068994061274409
229,0.341624400018992,5528,82,0.41661512197438055
230,0.522899827225323,5530,115,0.4546955019350635
231,0.48379125073843,5531,110,0.43981022794402724
232,0.313043501227661,5535,82,0.3817603673508061
233,0.267972076374084,5536,65,0.41226473288320614
234,0.09896207284278,5537,28,0.3534359744385
235,0.019436894537849,5538,5,0.38873789075698
236,0.105332205274949,5611,37,0.2846816358782406
237,0.260819372084485,5615,64,0.40753026888200783
238,0.397523568340912,5616,116,0.3426927313283724
239,0.091756601980697,5617,18,0.5097588998927611
240,0.288290780857077,5618,68,0.42395703067217205
241,0.164748925503002,5619,54,0.305090602783337
242,0.226163487048045,5620,68,0.3325933633059486
243,0.059438416373228,5621,18,0.3302134242957111
244,0.507438089825246,5623,120,0.42286507485437164
245,0.414303952929671,5624,97,0.4271174772470835
246,0.354340968796457,5625,78,0.45428329332879097
247,0.460477186412538,5626,106,0.43441244001182827
248,0.328094902713442,5627,71,0.46210549677949575
249,0.266224782052074,5630,71,0.3749644817634845
250,0.495868648991149,5633,112,0.44273986517066877
251,0.255430770334452,5634,56,0.4561263755972357
252,0.490223325961699,571,121,0.40514324459644546
253,0.399605217282316,5712,92,0.4343534970459957
254,0.456507061009331,5713,92,0.49620332718405546
255,0.38333315341,5714,95,0.40350858253684213
256,0.381365079573741,600,69,0.552703013874987
257,1.384215674282987,6001,63,2.1971677369571223
258,1.414855516946395,6002,69,2.050515241951297
259,1.290298882142642,6003,64,2.016092003347878
260,1.114229961380067,6004,36,3.0950832260557415
261,1.295351501276302,6005,60,2.1589191687938367
262,1.51855884302902,6006,58,2.618204901774172
263,1.710434931411346,6006-1,65,2.6314383560174557
264,1.217941786808856,6007,46,2.6476995365409914
265,1.20756717324814,6008,56,2.1563699522288213
266,1.588852269948118,6009,75,2.1184696932641573
267,1.686347273563146,6009-1,72,2.3421489910599247
268,0.500900258468299,601,77,0.650519816192596
269,1.425969207670502,6010,70,2.037098868100717
270,1.457451246395346,6011,62,2.3507278167666867
271,1.268636896949248,6012,60,2.114394828248747
272,1.572589966299041,6013,64,2.4571718223422514
273,1.22845163866491,6014,56,2.1936636404730536
274,1.3043141498811,6015,54,2.4153965738538887
275,1.410300797019065,6016,64,2.2035949953422893
276,1.37445877729527,6017,59,2.329591147958085
277,1.171164491466289,6018,59,1.9850245618072697
278,1.35839725252128,6019,61,2.226880741838164
279,0.386199933281742,602,85,0.45435286268440234
280,1.415092865627275,6020,57,2.4826190625039914
281,1.414549300404665,6020-1,57,2.48166543930643
282,0.340466906024879,603,80,0.4255836325310987
283,1.330729495451566,6030,45,2.9571766565590356
284,0.403444556197647,604,89,0.45330849010971574
285,0.544890643600539,605,104,0.5239333111543644
286,0.601393362943757,606,125,0.48111469035500554
287,1.674421712634772,6100,50,3.348843425269544
288,0.785589837934191,6101,25,3.142359351736764
289,1.509096006600139,6102,42,3.593085730000331
290,1.485526179821628,6103,49,3.0316860812686284
291,0.74225861619945,6105,37,2.0061043681066213
292,1.731153755105518,6200,72,2.4043802154243306
293,0.494932069443919,6211,110,0.44993824494901724
294,1.82311272925472,6300,84,2.1703722967318093
295,1.913597665142277,6300-1,81,2.3624662532620704
296,0.411725742835667,640,79,0.5211718263742621
297,0.40705610349211,641,98,0.4153633709103164
298,0.524784899456954,6411,117,0.4485341020999606
299,0.585556408473962,642,122,0.4799642692409524
300,0.463533262083103,643,85,0.5453332495095329
301,0.403366638444993,650,97,0.41584189530411647
302,1.487132308049739,6500,62,2.3986004968544177
303,0.47526584471678,651,98,0.48496514767018367
304,0.336266459728605,6511,89,0.37782748284112927
305,0.342149350041831,6512,80,0.4276866875522888
306,0.466816980789677,6514,111,0.42055583854925854
307,0.518613693632046,6515,111,0.46721954381265407
308,0.456999840913235,6516,121,0.37768581893655784
309,0.439221340615405,652,115,0.3819316005351348
310,0.262722891404444,653,55,0.4776779843717163
311,0.429214912879526,654,103,0.4167135076500253
312,0.436966477456721,660,100,0.436966477456721
313,1.702055563666814,6600,69,2.4667471937200203
314,0.502586253167117,661,126,0.3988779787040611
315,0.276490233281691,6613,81,0.3413459670144333
316,0.322285815375909,6614,90,0.35809535041767665
317,0.16664717735683,6615,43,0.38755157524844186
318,0.232387188874438,6616,79,0.2941609985752379
319,0.159638989316636,6617,56,0.2850696237797071
320,0.342205744307366,662,74,0.4624401950099541
321,0.212588204101085,6620,61,0.34850525262472953
322,0.293551972933867,6623,69,0.42543764193314054
323,0.208385478422985,6624,70,0.2976935406042643
324,0.248792169035454,6625,74,0.3362056338316946
325,0.260576882078878,6627,69,0.37764765518677973
326,0.254878638194091,6628,59,0.4319976918543915
327,0.391510924959699,6629,95,0.4121167631154727
328,0.348364632439604,6630,97,0.3591387963294887
329,0.346474194673945,6631,92,0.3766023855151576
330,0.312901231313155,6632,66,0.4740927747169015
331,0.459681489502407,6633,99,0.4643247368711182
332,0.127773554238836,6635,29,0.4405984628925379
333,0.346550835405493,6637,78,0.44429594282755513
334,0.217080003779482,6638,68,0.3192352996757088
335,0.198349197845973,6640A,48,0.4132274955124437
336,0.201400567512148,6640B,47,0.42851184577052764
337,0.616253175412007,6641,56,1.1004520989500124
338,0.269930790941994,6642,74,0.36477133911080273
339,0.08413362557865,6643,31,0.2713987921891936
340,0.249326741564641,6645,68,0.3666569728891779
341,0.192658902203947,6647,54,0.35677574482212404
342,0.252957815270854,6648,77,0.3285166432089012
343,0.072260399482358,6649,19,0.3803178920124105
344,0.082449336800938,6650,25,0.329797347203752
345,0.064710544658203,6651,23,0.2813501941661
346,0.116954993169457,6654,37,0.31609457613366754
347,0.178849777813906,6657,51,0.35068583885079607
348,0.435645091711167,670,79,0.5514494831786924
349,1.279312874847447,6701,41,3.1202753045059684
350,1.391689931939516,6702,59,2.3587964948127387
351,1.446391863547875,6703,50,2.89278372709575
352,1.428115935888796,6704,51,2.8002273252721492
353,1.635966224017778,6705A,56,2.9213682571746036
354,1.618764507494034,6705B,58,2.7909732887828174
355,0.516213393621156,6707B,11,4.6928490329196
356,0.351567884338375,6712,85,0.4136092756922059
357,0.358503518724218,6713,71,0.5049345334143915
358,0.321881839668237,6714,68,0.47335564657093676
359,0.278759110423786,6715,61,0.4569821482357147
360,0.446763935405052,6716,105,0.42548946229052576
361,0.376004075425945,672,79,0.47595452585562653
362,0.517638609586021,673,108,0.47929500887594545
363,0.268941484472514,674,58,0.4636922146077827
364,0.614146538199806,700,95,0.6464700402103222
365,0.345404894715926,701,73,0.4731573900218164
366,0.32744617478514,7011,79,0.4144888288419493
367,0.293154840792005,7013A,78,0.3758395394769295
368,0.29425933060223,7013B,80,0.3678241632527875
369,0.423025064233383,7016,106,0.3990802492767764
370,0.326966549880375,7017,89,0.3673781459330056
371,0.219124079806646,7018,56,0.39129299965472497
372,0.347055245085687,7019,89,0.3899497135794236
373,0.311240725255516,7021,75,0.4149876336740213
374,0.27937008809323,7022,72,0.38801401124059726
375,0.126221080522536,7024,31,0.4071647758791484
376,0.319765509648706,7025,71,0.4503739572516986
377,0.291096882848214,702A서오릉,71,0.40999560964537185
378,0.300789294252539,702B용두초교,72,0.4177629086840819
379,21.080764785523773,703,272,7.750281171148446
380,0.485760774102833,704,112,0.43371497687752947
381,0.355228871561405,705,67,0.5301923456140373
382,1.00498231882177,706,153,0.6568511887723987
383,0.707726668103756,707,126,0.5616878318283778
384,0.305146444373676,708,62,0.492171684473671
385,0.445064399650093,710,75,0.5934191995334572
386,0.471213769758208,720,111,0.4245169096920793
387,0.439381574430343,721,90,0.48820174936704774
388,0.468530231061423,7211,109,0.4298442486802046
389,0.520533641622297,7212,141,0.36917279547680637
390,0.473438508184421,740,93,0.5090736647144313
391,0.626649129044874,741,97,0.646030029943169
392,0.569600068905089,742,132,0.4315152037159765
393,0.011343899284046,7475,3,0.37812997613486665
394,0.444642441695823,750A,82,0.5422468801168573
395,0.424364778011667,750B,75,0.5658197040155559
396,0.484436980087529,752,103,0.47032716513352335
397,0.432568554666609,753,104,0.4159313025640471
398,0.568143168196969,760,101,0.5625179883138307
399,0.348284644153562,761,83,0.41962005319706264
400,0.358599497196073,7611,80,0.44824937149509125
401,0.185013575278115,7612,47,0.3936459048470532
402,0.331631557181473,7613,88,0.3768540422516739
403,0.463062444232521,771,102,0.4539827884632559
404,0.125805829863464,7711,41,0.30684348747186346
405,0.238331260865808,7713,68,0.3504871483320706
406,0.152461718166289,7714,42,0.36300409087211666
407,0.211635923679928,7715,58,0.36488952358608273
408,0.102768377813833,7719,33,0.3114193267085848
409,0.247558507021526,7720,76,0.3257348776599026
410,0.16481155913433,7722,49,0.3363501206823061
411,0.160695352449493,7723,40,0.4017383811237325
412,0.256526364075375,7726,66,0.38867630920511365
413,0.589241734930059,7727,108,0.5455941990093139
414,0.562773799303115,7728,109,0.5163062378927661
415,0.746073245898098,773,136,0.548583269042719
416,0.258104567805892,7730,74,0.3487899564944487
417,0.424254221525717,7733,76,0.5582292388496277
418,0.283171993185024,7734,95,0.2980757823000253
419,0.244454769291253,7737,64,0.38196057701758285
420,0.179401422238167,7738,54,0.33222485599660556
421,0.16058781648581,7739,43,0.373460038339093
422,0.691076595824838,774,160,0.43192287239052374
423,0.435412792727874,775,86,0.5062939450324117
424,0.059476520232651,8001,14,0.4248322873760786
425,0.053081115111557,8002,12,0.44234262592964163
426,0.054271567064912,8003,27,0.2010058039441185
427,0.285921814103448,8101,55,0.519857843824451
428,2.158369457127792,8111,127,1.6995035095494426
429,1.512742618264301,8112,41,3.6896161421080507
430,0.531212336938774,8146,135,0.3934906199546474
431,0.057999113657955,8221,15,0.3866607577197
432,0.188176491548412,8321A,42,0.4480392655914571
433,0.168881143688536,8321B,40,0.42220285922134
434,0.051679759114186,8331,14,0.3691411365299
435,0.143353279755697,8332,41,0.34964214574560243
436,0.110210030218929,8335,27,0.4081852971071444
437,0.162829797325454,8336,55,0.2960541769553709
438,0.065703621561491,8337,15,0.4380241437432733
439,0.03887520859105,8441,10,0.3887520859105
440,0.26240086268897,8541,56,0.4685729690874464
441,0.07650074180305,8551,24,0.3187530908460417
442,0.031210999708141,8552,12,0.26009166423450836
443,0.092283394667318,8561,24,0.3845141444471583
444,0.505197842528764,8641,117,0.43179302780236234
445,0.051231076454413,8661,11,0.46573705867648185
446,0.08363949041164,8663,5,1.6727898082328
447,0.182919836309107,8671,31,0.5900639880938936
448,0.253245619215552,8701,63,0.4019771733580191
449,0.05904730413751,8761,9,0.6560811570834445
450,0.111209263267706,8762,15,0.7413950884513733
451,0.034840656754551,8771,12,0.290338806287925
452,0.11072958643851,8772,28,0.3954628087089643
453,0.128100831822567,8773,48,0.2668767329636813
454,0.179446195614246,8774,58,0.3093899924383552
455,0.071492217829195,8777,18,0.3971789879399722
456,0.244092705488215,90S투어,23,1.0612726325574564
457,0.662773623947062,9401,63,1.0520216253127967
458,0.457570931071522,9401-1,21,2.1789091955786763
459,0.55358807573275,9403,121,0.4575108063907025
460,0.462480100209176,9404,58,0.7973794831192691
461,0.642194836949166,9408,120,0.535162364124305
462,0.575105272225846,9409,85,0.67659443791276
463,0.707726668103756,9701,126,0.5616878318283778
464,0.598936388475739,9703,118,0.5075732105726602
465,0.581901971824091,9707,77,0.7557168465247935
466,0.73446070417702,9709,142,0.517225848011986
467,0.772243839417929,9711,80,0.9653047992724113
468,0.41290182387158,9711B,35,1.1797194967759428
469,0.737552028195964,9714,52,1.4183692849922385
470,0.020745610148367,9999Test,6,0.34576016913945
471,0.705651013513555,N13,145,0.4866558713886586
472,0.695013114671872,N13B,143,0.4860231571131972
473,0.704516791041788,N15,146,0.4825457472888959
474,0.70334783823178,N15A,142,0.4953153790364648
475,0.728734588891876,N16,131,0.5562859457189894
476,0.728625944027985,N16B,131,0.5562030107083855
477,0.723241158897129,N26,134,0.5397322081321858
478,0.705640887176189,N26A,125,0.5645127097409511
479,0.476730217684389,N30,96,0.4965939767545719
480,0.714552204067982,N31,146,0.4894193178547822
481,0.680168333036243,N37,112,0.6072931544966456
482,0.73273669152983,N51,158,0.4637573997024241
483,1.229108155562892,N6000,20,6.14554077781446
484,1.175612795158137,N6001,20,5.878063975790685
485,2.478091629141926,N6002,47,5.272535381153035
486,0.862260398584839,N61,187,0.46110181742504763
487,0.85612728007461,N61B,177,0.4836877288557119
488,0.692936703510624,N62,163,0.4251145420310577
489,0.690856762672949,N62B,155,0.44571404043416074
490,0.695442738621678,N64,165,0.4214804476495019
491,0.487563817899029,N65,112,0.43532483740984734
492,1.321108412261463,N6701,36,3.6697455896151747
493,0.622565714410579,N6701-1,17,3.6621512612386997
494,1.510847516016243,N6703,38,3.975914515832218
495,0.715914251997851,N6703-1,18,3.977301399988061
496,0.652427805949586,N72,170,0.3837810623232859
497,0.715268837033495,N73,155,0.46146376582806126
498,0.838296380407888,N75,172,0.487381616516214
499,0.218333627242849,N824,50,0.436667254485698
500,0.296400084371672,N840,56,0.5292858649494142
501,0.373914214067899,N850,77,0.48560287541285585
502,0.365973494122762,N852,77,0.47529025210748305
503,4.261069948814403,N854,131,3.25272515176672
504,0.211227657951304,N866,44,0.4800628589802364
505,0.288992876578064,N876,64,0.451551369653225
506,0.12767558396489,N877,37,0.3450691458510541
507,0.107241122454674,강남01,33,0.32497309834749694
508,0.058848847620534,강남02,24,0.24520353175222503
509,0.112259424374994,강남03,33,0.3401800738636182
510,0.162880124176773,강남05,45,0.36195583150394
511,0.186803031664881,강남06,45,0.41511784814417996
512,0.070031625309866,강남06-1,24,0.29179843879110834
513,0.064823578184741,강남06-2,24,0.2700982424364208
514,0.134292786202609,강남07,45,0.29842841378357554
515,0.098043087551608,강남08,27,0.363122546487437
516,0.144487969223739,강남10,43,0.3360185330784628
517,0.099987938522335,강남방면,3,3.3329312840778327
518,0.215250092410693,강동01,64,0.33632826939170785
519,0.212945799717419,강동02,77,0.2765529866459987
520,0.182134632999277,강동05,67,0.27184273581981644
521,0.072221091047254,강북01,36,0.20061414179792775
522,0.051029674651817,강북02,32,0.15946773328692812
523,0.04353855995317,강북03,25,0.17415423981268
524,0.04273810392252,강북04,25,0.17095241569008
525,0.076657625227377,강북05,40,0.1916440630684425
526,0.05321097362548,강북06,35,0.15203135321565717
527,0.052401479581455,강북08,16,0.32750924738409376
528,0.115469860293872,강북09,51,0.22641149077229802
529,0.041215475637294,강북10,31,0.1329531472170774
530,0.041243762572557,강북10-1,31,0.13304439539534516
531,0.108051165860462,강북11,49,0.22051258338869795
532,0.054550438270351,강북12,17,0.32088493100206467
533,0.083906829601562,강서01,41,0.2046508039062488
534,0.071363845611831,강서02,49,0.14564050124863467
535,0.1009853567919,강서03,71,0.14223289689
536,0.06814915029483,강서04,30,0.2271638343161
537,0.151587242966304,강서05,72,0.21053783745319998
538,0.0450636471654,강서05-1,15,0.300424314436
539,0.097545162249085,강서06,38,0.2566977953923289
540,0.104281651402973,강서07,38,0.2744253984288763
541,0.062788823610555,관악01,29,0.21651318486398274
542,0.083553637491216,관악02,38,0.21987799339793684
543,0.039720392279186,관악03,22,0.18054723763266364
544,0.047893597612597,관악04,27,0.17738369486147035
545,0.031858308032859,관악05,20,0.159291540164295
546,0.048616520647865,관악06,28,0.17363043088523214
547,0.017854330015211,관악07,10,0.17854330015211
548,0.08734440157743,관악08,36,0.2426233377150833
549,0.056559439713815,관악10,29,0.19503255073729311
550,0.026666534500238,관악11,15,0.1777768966682533
551,0.107614669962708,광진01,44,0.24457879536979094
552,0.041570755780373,광진02,23,0.18074241643640437
553,0.095139183544611,광진03,42,0.22652186558240717
554,0.106681825515955,광진04,38,0.2807416460946184
555,0.08496387785822,광진05,37,0.2296321023195135
556,0.040234540862331,구로01,19,0.21176074138068945
557,0.035353945606401,구로02,20,0.176769728032005
558,0.025586366096504,구로03,12,0.21321971747086665
559,0.080444688339555,구로04,34,0.23660202452810294
560,0.065428010994407,구로05,35,0.18693717426973427
561,0.049364991481707,구로06,27,0.18283330178409998
562,0.11027519448341,구로07,46,0.23972868365958697
563,0.056960227243957,구로08,26,0.2190777970921423
564,0.132762594045966,구로09,53,0.25049546046408677
565,0.068677657330369,구로10,27,0.25436169381618146
566,0.108631907612615,구로11,34,0.3195056106253382
567,0.020086806428095,구로12,17,0.11815768487114706
568,0.056807607416323,구로13,13,0.43698159551017696
569,0.079366473635372,구로14,30,0.26455491211790666
570,0.043660208431156,구로15,22,0.19845549286889091
571,0.081472432073432,금천01,30,0.27157477357810667
572,0.117364139530083,금천01-1,40,0.2934103488252075
573,0.088938761919976,금천02,36,0.2470521164443778
574,0.065087839469987,금천03,31,0.20996077248382905
575,0.089461025615902,금천04,29,0.30848629522724824
576,0.079336002737645,금천05,38,0.20877895457275
577,0.113909760499209,금천06,46,0.24762991412871524
578,0.130735219833734,금천07,49,0.2668065710892531
579,0.108697080502386,금천08,42,0.25880257262472856
580,0.072229562384435,금천09,27,0.2675168977201296
581,0.079294279584356,금천10,18,0.44052377546864446
582,0.080596612192523,금천11,34,0.23704885938977352
583,0.117219138305093,금천11-1,46,0.2548242137067239
584,0.02077646129487,노원01,13,0.15981893303746153
585,0.115168232059351,노원02,46,0.25036572186815437
586,0.071626063664353,노원03,32,0.22383144895110316
587,0.059381891994087,노원04,29,0.20476514480719654
588,0.072555584392028,노원05,30,0.24185194797342666
589,0.068503081126989,노원08,25,0.274012324507956
590,0.100374517524687,노원09,36,0.27881810423524167
591,0.063312959279582,노원11,29,0.21832054923993793
592,0.055658225006502,노원13,25,0.22263290002600802
593,0.15971148277727,노원14,66,0.24198709511707572
594,0.241899461800888,노원15,82,0.2949993436596195
595,0.092630071189254,도봉01,39,0.23751300304936923
596,0.066528909041651,도봉02,31,0.21460938400532584
597,0.037878767558986,도봉03,20,0.18939383779493
598,0.034456068769243,도봉04,18,0.19142260427357222
599,0.096484529918395,도봉05,36,0.26801258310665277
600,0.064869622516396,도봉06,27,0.24025786117183703
601,0.070354394931225,도봉07,31,0.22694966106846776
602,0.083771549974991,도봉08,44,0.19038988630679773
603,0.109033541234828,도봉09,51,0.21379125732319215
604,0.010724534318504,동대문01,5,0.21449068637007998
605,0.032626955705882,동대문02,16,0.20391847316176248
606,0.057973561095402,동대문03,21,0.2760645766447714
607,0.079750540586711,동대문05,36,0.22152927940753053
608,0.102380619229099,동작01,43,0.23809446332348602
609,0.063228310504341,동작02,33,0.19160094092224544
610,0.08464891177442,동작03,35,0.24185403364119998
611,0.103112140649263,동작05,41,0.2514930259738122
612,0.110369050937677,동작05-1,42,0.26278345461351665
613,0.056362235508074,동작06,20,0.28181117754037005
614,0.047112857638811,동작07,21,0.22434694113719522
615,0.091319436339447,동작08,35,0.2609126752555629
616,0.031101220905835,동작09,11,0.28273837187122725
617,0.0684877044753,동작10,28,0.24459894455464287
618,0.068722343636031,동작11,35,0.19634955324580286
619,0.050410107536348,동작12,27,0.18670410198647408
620,0.125621097734168,동작13,57,0.22038789076169824
621,0.12588886125156,동작13-1,58,0.21704976077855176
622,0.068024933185593,동작14,25,0.272099732742372
623,0.043173166975524,동작15,22,0.19624166807056362
624,0.045338200006849,동작16,20,0.226691000034245
625,0.048561193853964,동작17,24,0.20233830772484998
626,0.041038768631933,동작18,20,0.205193843159665
627,0.0495410603382,동작19,33,0.15012442526727274
628,0.031055574959569,동작20,19,0.16345039452404736
629,0.055416639594895,동작21,28,0.19791656998176785
630,0.055125367034449,마포01,39,0.14134709496012562
631,0.023995030179302,마포02,17,0.1411472363488353
632,0.033188881827592,마포03,18,0.18438267681995554
633,0.012287636095284,마포05,10,0.12287636095284
634,0.063021946545342,마포06,33,0.19097559559194546
635,0.059743238065915,마포07,32,0.18669761895598438
636,0.161856557049594,마포08,53,0.30538973028225286
637,0.081855370973351,마포09,41,0.19964724627646582
638,0.057387514890578,마포10,25,0.229550059562312
639,0.051655515211338,마포11,24,0.21523131338057502
640,0.050656619711273,마포12,24,0.21106924879697084
641,0.048052771518431,마포13,34,0.14133168093656176
642,0.02282551561578,마포14,17,0.13426773891635296
643,0.120536845712692,마포15,41,0.293992306616322
644,0.073333035978029,마포16,39,0.18803342558468972
645,0.028833994019962,마포17,14,0.2059571001425857
646,0.05544455498866,마포18,24,0.23101897911941668
647,0.050429928659447,마포18-1,20,0.252149643297235
648,0.042407763980166,서대문01,19,0.22319875779034737
649,0.063857423157349,서대문02대,43,0.14850563524964885
650,0.025261571822068,서대문02소,17,0.14859748130628236
651,0.075643742278441,서대문03,29,0.26084049061531384
652,0.058150731384802,서대문04,25,0.23260292553920803
653,0.058588032942921,서대문05,25,0.234352131771684
654,0.079538055661182,서대문06,32,0.24855642394119373
655,0.032047866358285,서대문07,23,0.13933854938384782
656,0.041469565511883,서대문08,18,0.2303864750660167
657,0.025217993100949,서대문09대,12,0.21014994250790833
658,0.031396892175849,서대문09소,17,0.18468760103440587
659,0.050673214410997,서대문10,24,0.21113839337915416
660,0.120605812333585,서대문11,36,0.33501614537106944
661,0.028998919810221,서대문12,19,0.15262589373800525
662,0.063928119018423,서대문13,32,0.1997753719325719
663,0.036248888684748,서대문14,20,0.18124444342374
664,0.038727963327746,서대문15,25,0.154911853310984
665,0.332989808347932,서울01,9,3.699886759421467
666,0.098682729760075,서울02,6,1.6447121626679166
667,0.286769470359022,서울03,7,4.0967067194146
668,0.097575915825672,서울04,12,0.8131326318806
669,0.158361006683569,서울05,8,1.9795125835446126
670,0.221586553260067,서울06,11,2.014423211455154
671,0.103136452237429,서울07,5,2.06272904474858
672,0.090932854396453,서울08,12,0.7577737866371084
673,0.112366271404333,서울09,9,1.248514126714811
674,0.077454934671073,서울10,7,1.1064990667296144
675,0.035356894420902,서초01,15,0.23571262947268
676,0.074693478592062,서초02,28,0.2667624235430786
677,0.094221017307438,서초03,29,0.3249000596808207
678,0.027870385553385,서초05,12,0.232253212944875
679,0.057176213360585,서초06,17,0.3363306668269706
680,0.045492260980873,서초07,21,0.2166298141946333
681,0.085200675040336,서초08,30,0.28400225013445335
682,0.216991455325484,서초09,48,0.4520655319280917
683,0.1042078630186,서초10,38,0.27423121847
684,0.099132098173626,서초11,36,0.27536693937118334
685,0.146235712304795,서초13,51,0.2867366907937157
686,0.093620059736156,서초14,34,0.2753531168710471
687,0.096043757566323,서초15,38,0.2527467304376921
688,0.056396059266834,서초16,23,0.24520025768188697
689,0.124768317991088,서초17,39,0.31991876407971287
690,0.1683435100702,서초18,45,0.37409668904488885
691,0.105807390682615,서초18-1,34,0.3111982078900441
692,0.137575829928792,서초20,39,0.35275853827895387
693,0.175338310202274,서초21,49,0.3578332861270898
694,0.022544018545769,서초22,11,0.20494562314335454
695,0.055492595911187,성동01,27,0.2055281330043963
696,0.111870662035582,성동02,62,0.18043655167029354
697,0.088588634872598,성동03,40,0.221471587181495
698,0.080294366288103,성동03-1,36,0.2230399063558417
699,0.080134156486478,성동03-2,39,0.20547219611917436
700,0.043434287646271,성동05,22,0.19742858021032272
701,0.008223908036866,성동06,10,0.08223908036866
702,0.02973000517378,성동07,9,0.33033339081977775
703,0.092822313471417,성동08,39,0.23800593197799233
704,0.022109922669747,성동09,17,0.1300583686455706
705,0.045964070429189,성동10,20,0.22982035214594498
706,0.042675462465967,성동12,24,0.17781442694152916
707,0.09586063200334,성동13,28,0.34235940001192855
708,0.023665558338582,성동14,12,0.19721298615485
709,0.020903042269633,성동15,16,0.13064401418520624
710,0.047134222511262,성북01,31,0.1520458790685871
711,0.060239430901269,성북02,37,0.16280927270613244
712,0.063471498398612,성북03,30,0.21157166132870667
713,0.063198208466879,성북04,28,0.22570788738171071
714,0.009899757830924,성북05,10,0.09899757830924001
715,0.070740003893662,성북06,29,0.24393104790917933
716,0.042023105190155,성북07,13,0.32325465530888464
717,0.026656756354933,성북08,17,0.15680444914666472
718,0.038024880612267,성북09,23,0.16532556787942174
719,0.060835735302855,성북10,34,0.17892863324369118
720,0.060835735302855,성북10-1,34,0.17892863324369118
721,0.049415656132298,성북10-2,25,0.197662624529192
722,0.065784733931789,성북12,31,0.21220881913480322
723,0.056697951205324,성북13,27,0.20999241187157036
724,0.055325047525159,성북14-1,22,0.25147748875072273
725,0.043957238991039,성북14-2,16,0.27473274369399375
726,0.018874313611473,성북15,17,0.11102537418513529
727,0.079626624483597,성북20,36,0.2211850680099917
728,0.050085534332439,성북21,35,0.1431015266641114
729,0.034273632829731,성북22,22,0.1557892401351409
730,0.108713930559859,송파01,27,0.4026441872587371
731,0.091663493445148,송파02,28,0.32736961944695714
732,0.091340844277881,송파03,18,0.5074491348771167
733,0.216723634777356,심야A21,40,0.54180908694339
734,0.112566143504895,양천01,34,0.33107689266145585
735,0.096558464201857,양천02,37,0.2609688221671811
736,0.128484560066425,양천03,59,0.21777044079055083
737,0.119581318603549,양천04,34,0.3517097605986735
738,0.089722941719355,영등포01,44,0.20391577663489777
739,0.097355070241419,영등포02,35,0.2781573435469114
740,0.066320152889354,영등포03,25,0.265280611557416
741,0.103183118087829,영등포04,38,0.27153452128376054
742,0.110169413534917,영등포05,38,0.28991950930241317
743,0.057819182963522,영등포06,28,0.20649708201257855
744,0.061145652363751,영등포07,27,0.2264653791250037
745,0.028062308940891,영등포08,15,0.18708205960594
746,0.066103132584649,영등포09,26,0.2542428176332654
747,0.045954235479815,영등포10,12,0.3829519623317917
748,0.03253503903202,영등포11,9,0.3615004336891111
749,0.083357150057793,영등포12,26,0.32060442329920386
750,0.064711995943213,영등포13,23,0.2813565041009261
751,0.050522233610351,용산01,24,0.21050930670979584
752,0.076390956031077,용산02,35,0.21825987437450572
753,0.08547420486445,용산03,30,0.28491401621483337
754,0.062365211014115,용산04,27,0.23098226301524072
755,0.021192801269628,은평01,13,0.1630215482279077
756,0.074096238255227,은평02,36,0.2058228840422972
757,0.030606506233355,은평03,21,0.14574526777788097
758,0.026741444711858,은평03-1,21,0.1273402129136095
759,0.025135673133509,은평03-2,12,0.20946394277924166
760,0.057795642162178,은평04,25,0.231182568648712
761,0.067271948298456,은평05,34,0.19785867146604708
762,0.047104204098981,은평06,20,0.23552102049490498
763,0.026446388001978,은평07,14,0.18890277144269998
764,0.036121555706716,은평08,23,0.15705024220311303
765,0.036254485053124,은평08-1,23,0.15762819588314783
766,0.038128189804209,은평08-2,26,0.1466468838623423
767,0.042520033219955,은평09,26,0.16353858930751922
768,0.042321618595344,은평10,19,0.22274536102812634
769,0.038099513930813,종로01,21,0.18142625681339522
770,0.048796459263713,종로02,26,0.18767868947581925
771,0.067961366159692,종로03,29,0.23434953848169657
772,0.041590706677927,종로05,27,0.1540396543626926
773,0.054796261842421,종로06,27,0.2029491179348926
774,0.041349520575525,종로07,19,0.2176290556606579
775,0.060862986534566,종로08,31,0.19633221462763226
776,0.053316927637115,종로09,18,0.2962051535395278
777,0.0668501591332,종로11,20,0.334250795666
778,0.041147151336105,종로12,16,0.25716969585065624
779,0.06590858449999,종로13,36,0.1830794013888611
780,0.033616569455982,중랑01,18,0.1867587191999
781,0.062766894521685,중랑02,26,0.24141113277571158
782,0.021940912563622,청와대A01(자율주행),6,0.3656818760603667
